seq	ts_ms	hash	label	file
0000	886	e3b0c44298fc	pty-data	frame_0000_e3b0c44298fc.txt
0001	921	4e6eac76a01f	pty-data	frame_0001_4e6eac76a01f.txt
0002	921	12734bcca3ef	pty-data	frame_0002_12734bcca3ef.txt
0003	962	a921bcac64c5	pty-data	frame_0003_a921bcac64c5.txt
0004	1066	33ac3a6a2234	pty-data	frame_0004_33ac3a6a2234.txt
0005	1067	e104e370ae37	pty-data	frame_0005_e104e370ae37.txt
0006	1196	7051cabaa792	pty-data	frame_0006_7051cabaa792.txt
0007	1301	2d6bf2979c32	pty-data	frame_0007_2d6bf2979c32.txt
0008	1420	4ab511a32082	pty-data	frame_0008_4ab511a32082.txt
0009	1528	f4f7d8e8279e	pty-data	frame_0009_f4f7d8e8279e.txt
0010	1687	d9421bfe57eb	pty-data	frame_0010_d9421bfe57eb.txt
0011	1903	e80bb9189753	pty-data	frame_0011_e80bb9189753.txt
0012	2010	a3e52c19c58d	pty-data	frame_0012_a3e52c19c58d.txt
0013	2172	f5f67ea4bd7c	pty-data	frame_0013_f5f67ea4bd7c.txt
0014	2284	63df0f3a4adf	pty-data	frame_0014_63df0f3a4adf.txt
0015	2388	1abc274a10dd	pty-data	frame_0015_1abc274a10dd.txt
0016	2603	bd3638c00362	pty-data	frame_0016_bd3638c00362.txt
0017	2762	302f4277f2b3	pty-data	frame_0017_302f4277f2b3.txt
0018	2867	16098efa4e84	pty-data	frame_0018_16098efa4e84.txt
0019	2972	e2981db54792	pty-data	frame_0019_e2981db54792.txt
0020	3132	0bb369bfcf58	pty-data	frame_0020_0bb369bfcf58.txt
0021	3364	37ea3ada7423	pty-data	frame_0021_37ea3ada7423.txt
0022	3463	8017b9d1eba5	pty-data	frame_0022_8017b9d1eba5.txt
0023	3563	f94f0e6b87c7	pty-data	frame_0023_f94f0e6b87c7.txt
0024	3695	c12f7303f969	pty-data	frame_0024_c12f7303f969.txt
0025	3860	3d05ce9da4f2	pty-data	frame_0025_3d05ce9da4f2.txt
0026	4064	8655c8ba15a3	pty-data	frame_0026_8655c8ba15a3.txt
0027	4165	cb6229ec6ddb	pty-data	frame_0027_cb6229ec6ddb.txt
0028	4331	3f67d55ad8e1	pty-data	frame_0028_3f67d55ad8e1.txt
0029	4444	a990dbb50042	pty-data	frame_0029_a990dbb50042.txt
0030	4543	d21a826b0cda	pty-data	frame_0030_d21a826b0cda.txt
0031	4771	ad89a9428c4d	pty-data	frame_0031_ad89a9428c4d.txt
0032	4927	d604600b64dc	pty-data	frame_0032_d604600b64dc.txt
0033	5030	68cd496672ae	pty-data	frame_0033_68cd496672ae.txt
0034	5142	0bc9bd58c2e2	pty-data	frame_0034_0bc9bd58c2e2.txt
0035	5255	db2a094a85a1	pty-data	frame_0035_db2a094a85a1.txt
0036	5518	a651a4d01040	pty-data	frame_0036_a651a4d01040.txt
0037	5618	af5f5e6ac958	pty-data	frame_0037_af5f5e6ac958.txt
0038	5728	171ed39f5568	pty-data	frame_0038_171ed39f5568.txt
0039	5877	2fe7cc51b3b9	pty-data	frame_0039_2fe7cc51b3b9.txt
0040	5983	97448abe482b	pty-data	frame_0040_97448abe482b.txt
0041	6253	79faf8089c59	pty-data	frame_0041_79faf8089c59.txt
0042	6369	8ca7ba571059	pty-data	frame_0042_8ca7ba571059.txt
0043	6482	248eb1b7a028	pty-data	frame_0043_248eb1b7a028.txt
0044	6595	c746533022f2	pty-data	frame_0044_c746533022f2.txt
0045	6708	c76002f38bea	pty-data	frame_0045_c76002f38bea.txt
0046	6932	e763e25814e4	pty-data	frame_0046_e763e25814e4.txt
0047	7088	ed436b8578a0	pty-data	frame_0047_ed436b8578a0.txt
0048	7189	2cb294d6e0f9	pty-data	frame_0048_2cb294d6e0f9.txt
0049	7294	8ea8f9c04039	pty-data	frame_0049_8ea8f9c04039.txt
0050	7448	d4cc1020079c	pty-data	frame_0050_d4cc1020079c.txt
0051	7663	dd37321bf280	pty-data	frame_0051_dd37321bf280.txt
0052	7775	3f6078977b68	pty-data	frame_0052_3f6078977b68.txt
0053	7933	9f054ab1c399	pty-data	frame_0053_9f054ab1c399.txt
0054	8040	aa79c770f662	pty-data	frame_0054_aa79c770f662.txt
0055	8148	5f61859017de	pty-data	frame_0055_5f61859017de.txt
0056	8367	5a1b32de89ce	pty-data	frame_0056_5a1b32de89ce.txt
0057	8530	fcef7b060c9f	pty-data	frame_0057_fcef7b060c9f.txt
0058	8637	2b8aaedc4c12	pty-data	frame_0058_2b8aaedc4c12.txt
0059	9380	9050f8eec162	pty-data	frame_0059_9050f8eec162.txt
0060	9489	e446007efcd6	pty-data	frame_0060_e446007efcd6.txt
0061	9608	1c01fa6a4037	pty-data	frame_0061_1c01fa6a4037.txt
0062	9817	0ec2ff2b1029	pty-data	frame_0062_0ec2ff2b1029.txt
0063	9941	746f922fe628	pty-data	frame_0063_746f922fe628.txt
0064	10085	bb12a68b6496	pty-data	frame_0064_bb12a68b6496.txt
0065	10182	81ff8deb5648	pty-data	frame_0065_81ff8deb5648.txt
0066	10296	322294c916c2	pty-data	frame_0066_322294c916c2.txt
0067	10573	74bdc631c91d	pty-data	frame_0067_74bdc631c91d.txt
0068	10681	8d32ba5205e6	pty-data	frame_0068_8d32ba5205e6.txt
0069	10798	dc0562ac4e49	pty-data	frame_0069_dc0562ac4e49.txt
0070	10892	40768753f090	pty-data	frame_0070_40768753f090.txt
0071	11037	258a4d779518	pty-data	frame_0071_258a4d779518.txt
0072	11142	faee531fe7df	pty-data	frame_0072_faee531fe7df.txt
0073	11275	eec1ee93bbae	pty-data	frame_0073_eec1ee93bbae.txt
0074	11379	f10665d3e31b	pty-data	frame_0074_f10665d3e31b.txt
0075	11491	e6893cb91307	pty-data	frame_0075_e6893cb91307.txt
0076	11645	a295392ec7df	pty-data	frame_0076_a295392ec7df.txt
0077	11750	1aaa777f0f24	pty-data	frame_0077_1aaa777f0f24.txt
0078	12008	09e943d6a713	pty-data	frame_0078_09e943d6a713.txt
0079	12114	7bf8f5d788bc	pty-data	frame_0079_7bf8f5d788bc.txt
0080	12218	34db48ae4a4e	pty-data	frame_0080_34db48ae4a4e.txt
0081	12320	9bd1b52f0e70	pty-data	frame_0081_9bd1b52f0e70.txt
0082	12356	48ee43cb09a9	pty-data	frame_0082_48ee43cb09a9.txt
0083	12479	6b8bde7030df	pty-data	frame_0083_6b8bde7030df.txt
0084	12692	bdae6c947bbf	pty-data	frame_0084_bdae6c947bbf.txt
0085	12850	3269f2aab4f4	pty-data	frame_0085_3269f2aab4f4.txt
0086	12901	bafa6a55a9e4	pty-data	frame_0086_bafa6a55a9e4.txt
0087	12959	e6be5df17036	pty-data	frame_0087_e6be5df17036.txt
0088	13065	938a6af2dc58	pty-data	frame_0088_938a6af2dc58.txt
0089	13166	8df42fc2e076	pty-data	frame_0089_8df42fc2e076.txt
0090	13428	d7fe430bb09e	pty-data	frame_0090_d7fe430bb09e.txt
0091	13533	af1689af9cfc	pty-data	frame_0091_af1689af9cfc.txt
0092	13567	83a9b3102e7b	pty-data	frame_0092_83a9b3102e7b.txt
0093	13640	6de813c01470	pty-data	frame_0093_6de813c01470.txt
0094	13800	5814144a7a70	pty-data	frame_0094_5814144a7a70.txt
0095	13901	6fd6263d5daf	pty-data	frame_0095_6fd6263d5daf.txt
0096	14166	22516b6bbc81	pty-data	frame_0096_22516b6bbc81.txt
0097	14276	f2134f093489	pty-data	frame_0097_f2134f093489.txt
0098	14383	ea3b1895989a	pty-data	frame_0098_ea3b1895989a.txt
0099	14484	64c85953069b	pty-data	frame_0099_64c85953069b.txt
0100	14601	34fc9b308af2	pty-data	frame_0100_34fc9b308af2.txt
0101	14601	11ae7a9a3681	pty-data	frame_0101_11ae7a9a3681.txt
0102	14621	151c61cdb566	pty-data	frame_0102_151c61cdb566.txt
0103	14886	757f1fb762c4	pty-data	frame_0103_757f1fb762c4.txt
0104	14996	885479fcd751	pty-data	frame_0104_885479fcd751.txt
0105	15111	ed69f2aa5cd5	pty-data	frame_0105_ed69f2aa5cd5.txt
0106	15213	eb627d2dadb7	pty-data	frame_0106_eb627d2dadb7.txt
0107	15372	75fb38bf4546	pty-data	frame_0107_75fb38bf4546.txt
0108	15584	f8ed57a492a9	pty-data	frame_0108_f8ed57a492a9.txt
0109	15690	d6c3489af363	pty-data	frame_0109_d6c3489af363.txt
0110	15845	dce667c9fd13	pty-data	frame_0110_dce667c9fd13.txt
0111	15953	d90648fe987f	pty-data	frame_0111_d90648fe987f.txt
0112	16054	3ab3c166856f	pty-data	frame_0112_3ab3c166856f.txt
0113	16330	3fd474a2c957	pty-data	frame_0113_3fd474a2c957.txt
0114	16433	21c75279344a	pty-data	frame_0114_21c75279344a.txt
0115	16548	3dda67520410	pty-data	frame_0115_3dda67520410.txt
0116	16659	2a59c3ed05d6	pty-data	frame_0116_2a59c3ed05d6.txt
0117	16774	e3ec402c6fe0	pty-data	frame_0117_e3ec402c6fe0.txt
0118	17028	ef5b4443cf65	pty-data	frame_0118_ef5b4443cf65.txt
0119	17045	faaf30f361b9	pty-data	frame_0119_faaf30f361b9.txt
0120	17806	59577ca4b4fc	pty-data	frame_0120_59577ca4b4fc.txt
0121	18300	30ab1b4062e3	pty-data	frame_0121_30ab1b4062e3.txt
0122	20734	764731bd9ed9	pty-data	frame_0122_764731bd9ed9.txt
0123	23037	1c71aee744ec	pty-data	frame_0123_1c71aee744ec.txt
0124	23039	3267ca91b7e8	pty-data	frame_0124_3267ca91b7e8.txt
0125	25332	000c9f07336d	pty-data	frame_0125_000c9f07336d.txt
0126	25333	94469f13b4b3	pty-data	frame_0126_94469f13b4b3.txt
0127	27584	dd68e6691890	pty-data	frame_0127_dd68e6691890.txt
0128	27586	ce38f5758f7f	pty-data	frame_0128_ce38f5758f7f.txt
0129	29817	77030d8bf360	pty-data	frame_0129_77030d8bf360.txt
0130	29818	faee00fe0eff	pty-data	frame_0130_faee00fe0eff.txt
0131	32082	9df76055ea2f	pty-data	frame_0131_9df76055ea2f.txt
0132	32083	e618da6f1e18	pty-data	frame_0132_e618da6f1e18.txt
0133	34396	35ce71829064	pty-data	frame_0133_35ce71829064.txt
0134	34397	ada406694a61	pty-data	frame_0134_ada406694a61.txt
0135	36702	91c6927955d8	pty-data	frame_0135_91c6927955d8.txt
0136	36703	8d65f175407d	pty-data	frame_0136_8d65f175407d.txt
0137	38630	08d6e2842b08	pty-data	frame_0137_08d6e2842b08.txt
0138	38631	a22b1baaf1d5	pty-data	frame_0138_a22b1baaf1d5.txt
0139	40882	46dbf7e08513	pty-data	frame_0139_46dbf7e08513.txt
0140	40883	bb11460eadcb	pty-data	frame_0140_bb11460eadcb.txt
0141	41026	93901bce513d	pty-data	frame_0141_93901bce513d.txt
0142	42763	210c0c5a75ac	pty-data	frame_0142_210c0c5a75ac.txt
0143	44196	aa717b1ca60b	pty-data	frame_0143_aa717b1ca60b.txt
0144	44197	4c4e895bf612	pty-data	frame_0144_4c4e895bf612.txt
0145	44935	fbd865a40273	pty-data	frame_0145_fbd865a40273.txt
0146	44936	67328d64873c	pty-data	frame_0146_67328d64873c.txt
0147	46231	26c2d236735f	pty-data	frame_0147_26c2d236735f.txt
0148	46233	3857ff8c88d1	pty-data	frame_0148_3857ff8c88d1.txt
0149	48206	2a4ed0b8c651	pty-data	frame_0149_2a4ed0b8c651.txt
0150	48208	4e6a078734ea	pty-data	frame_0150_4e6a078734ea.txt
0151	48209	f09886584427	pty-data	frame_0151_f09886584427.txt
0152	181464	d112f74b7b59	pty-data	frame_0152_d112f74b7b59.txt
0153	181468	93f0e9f9fee3	pty-data	frame_0153_93f0e9f9fee3.txt
0154	181469	30dcc965968e	pty-data	frame_0154_30dcc965968e.txt
