seq	ts_epoch_s	hash	label	file
0000	1779724731	67465c2d37b2	poll	frame_0000_67465c2d37b2.txt
0001	1779724732	ffa6aeca756b	poll	frame_0001_ffa6aeca756b.txt
0002	1779724733	e2e869a95be3	poll	frame_0002_e2e869a95be3.txt
0003	1779724733	82828193b6c0	poll	frame_0003_82828193b6c0.txt
0004	1779724733	ddd556690bbc	poll	frame_0004_ddd556690bbc.txt
0005	1779724734	82828193b6c0	poll	frame_0005_82828193b6c0.txt
0006	1779724734	796bff130a0e	poll	frame_0006_796bff130a0e.txt
0007	1779724734	e2e869a95be3	poll	frame_0007_e2e869a95be3.txt
0008	1779724734	82828193b6c0	poll	frame_0008_82828193b6c0.txt
0009	1779724735	ddd556690bbc	poll	frame_0009_ddd556690bbc.txt
0010	1779724735	82828193b6c0	poll	frame_0010_82828193b6c0.txt
0011	1779724735	796bff130a0e	poll	frame_0011_796bff130a0e.txt
0012	1779724736	82828193b6c0	poll	frame_0012_82828193b6c0.txt
0013	1779724736	ddd556690bbc	poll	frame_0013_ddd556690bbc.txt
0014	1779724736	82828193b6c0	poll	frame_0014_82828193b6c0.txt
0015	1779724737	796bff130a0e	poll	frame_0015_796bff130a0e.txt
0016	1779724737	82828193b6c0	poll	frame_0016_82828193b6c0.txt
0017	1779724738	ddd556690bbc	poll	frame_0017_ddd556690bbc.txt
0018	1779724738	82828193b6c0	poll	frame_0018_82828193b6c0.txt
0019	1779724738	796bff130a0e	poll	frame_0019_796bff130a0e.txt
0020	1779724739	ff6724babf88	poll	frame_0020_ff6724babf88.txt
0021	1779724739	ddd556690bbc	poll	frame_0021_ddd556690bbc.txt
0022	1779724740	528dbd8acfbe	poll	frame_0022_528dbd8acfbe.txt
0023	1779724740	e2e869a95be3	poll	frame_0023_e2e869a95be3.txt
0024	1779724740	528dbd8acfbe	poll	frame_0024_528dbd8acfbe.txt
0025	1779724740	ff6724babf88	poll	frame_0025_ff6724babf88.txt
0026	1779724741	528dbd8acfbe	poll	frame_0026_528dbd8acfbe.txt
0027	1779724741	e2e869a95be3	poll	frame_0027_e2e869a95be3.txt
0028	1779724742	528dbd8acfbe	poll	frame_0028_528dbd8acfbe.txt
0029	1779724742	ddd556690bbc	poll	frame_0029_ddd556690bbc.txt
0030	1779724742	82828193b6c0	poll	frame_0030_82828193b6c0.txt
0031	1779724743	796bff130a0e	poll	frame_0031_796bff130a0e.txt
0032	1779724743	82828193b6c0	poll	frame_0032_82828193b6c0.txt
0033	1779724743	ddd556690bbc	poll	frame_0033_ddd556690bbc.txt
0034	1779724744	82828193b6c0	poll	frame_0034_82828193b6c0.txt
0035	1779724744	e2e869a95be3	poll	frame_0035_e2e869a95be3.txt
0036	1779724744	898c3ba59263	poll	frame_0036_898c3ba59263.txt
0037	1779724745	78ba6ab724cb	poll	frame_0037_78ba6ab724cb.txt
0038	1779724745	3ff4e44b1f3b	poll	frame_0038_3ff4e44b1f3b.txt
0039	1779724745	b6325417edaa	poll	frame_0039_b6325417edaa.txt
0040	1779724746	36ef66d64a0b	poll	frame_0040_36ef66d64a0b.txt
0041	1779724746	09ef3099ee2e	poll	frame_0041_09ef3099ee2e.txt
0042	1779724746	78ba6ab724cb	poll	frame_0042_78ba6ab724cb.txt
0043	1779724747	09ef3099ee2e	poll	frame_0043_09ef3099ee2e.txt
0044	1779724747	36ef66d64a0b	poll	frame_0044_36ef66d64a0b.txt
0045	1779724747	b6325417edaa	poll	frame_0045_b6325417edaa.txt
0046	1779724748	3ff4e44b1f3b	poll	frame_0046_3ff4e44b1f3b.txt
0047	1779724748	78ba6ab724cb	poll	frame_0047_78ba6ab724cb.txt
0048	1779724748	898c3ba59263	poll	frame_0048_898c3ba59263.txt
0049	1779724749	b6325417edaa	poll	frame_0049_b6325417edaa.txt
0050	1779724749	3ff4e44b1f3b	poll	frame_0050_3ff4e44b1f3b.txt
0051	1779724749	b6325417edaa	poll	frame_0051_b6325417edaa.txt
0052	1779724750	36ef66d64a0b	poll	frame_0052_36ef66d64a0b.txt
0053	1779724750	898c3ba59263	poll	frame_0053_898c3ba59263.txt
0054	1779724750	b6325417edaa	poll	frame_0054_b6325417edaa.txt
0055	1779724751	3ff4e44b1f3b	poll	frame_0055_3ff4e44b1f3b.txt
0056	1779724751	b6325417edaa	poll	frame_0056_b6325417edaa.txt
0057	1779724751	36ef66d64a0b	poll	frame_0057_36ef66d64a0b.txt
0058	1779724752	898c3ba59263	poll	frame_0058_898c3ba59263.txt
0059	1779724752	78ba6ab724cb	poll	frame_0059_78ba6ab724cb.txt
0060	1779724752	3ff4e44b1f3b	poll	frame_0060_3ff4e44b1f3b.txt
0061	1779724752	9afe61f36aa5	poll	frame_0061_9afe61f36aa5.txt
0062	1779724753	744e300ef1c5	poll	frame_0062_744e300ef1c5.txt
0063	1779724753	9d97453c597a	poll	frame_0063_9d97453c597a.txt
0064	1779724753	5f39e287dbdf	poll	frame_0064_5f39e287dbdf.txt
0065	1779724754	5436ba1a4fe4	poll	frame_0065_5436ba1a4fe4.txt
0066	1779724754	ebace5e20c51	poll	frame_0066_ebace5e20c51.txt
0067	1779724754	deaa0ea9e143	poll	frame_0067_deaa0ea9e143.txt
0068	1779724754	0f3fb39c1155	poll	frame_0068_0f3fb39c1155.txt
0069	1779724755	5456ace9ab5d	poll	frame_0069_5456ace9ab5d.txt
0070	1779724755	2a8bdc7d1d9d	poll	frame_0070_2a8bdc7d1d9d.txt
0071	1779724755	ebace5e20c51	poll	frame_0071_ebace5e20c51.txt
0072	1779724756	7ae722fea033	poll	frame_0072_7ae722fea033.txt
0073	1779724756	4303bead0710	poll	frame_0073_4303bead0710.txt
0074	1779724756	c1fc9f72b656	poll	frame_0074_c1fc9f72b656.txt
0075	1779724757	4303bead0710	poll	frame_0075_4303bead0710.txt
0076	1779724757	7ae722fea033	poll	frame_0076_7ae722fea033.txt
0077	1779724757	680281e20f29	poll	frame_0077_680281e20f29.txt
0078	1779724758	77486c337ba8	poll	frame_0078_77486c337ba8.txt
0079	1779724758	398e6b52a132	poll	frame_0079_398e6b52a132.txt
0080	1779724759	3d105f4841b1	poll	frame_0080_3d105f4841b1.txt
0081	1779724759	398e6b52a132	poll	frame_0081_398e6b52a132.txt
0082	1779724759	2be40c70d5c8	poll	frame_0082_2be40c70d5c8.txt
0083	1779724760	77486c337ba8	poll	frame_0083_77486c337ba8.txt
0084	1779724760	680281e20f29	poll	frame_0084_680281e20f29.txt
0085	1779724760	3d105f4841b1	poll	frame_0085_3d105f4841b1.txt
0086	1779724760	44bf4e061a09	poll	frame_0086_44bf4e061a09.txt
0087	1779724761	2be40c70d5c8	poll	frame_0087_2be40c70d5c8.txt
0088	1779724761	7b3fbf75ca5e	poll	frame_0088_7b3fbf75ca5e.txt
0089	1779724761	457a69821c03	poll	frame_0089_457a69821c03.txt
0090	1779724762	7456a97a78f6	poll	frame_0090_7456a97a78f6.txt
0091	1779724762	7b5dc97955f9	poll	frame_0091_7b5dc97955f9.txt
0092	1779724762	7456a97a78f6	poll	frame_0092_7456a97a78f6.txt
0093	1779724763	2317f5828a3a	poll	frame_0093_2317f5828a3a.txt
0094	1779724763	782c8c6c4b41	poll	frame_0094_782c8c6c4b41.txt
