seq	timestamp_utc	sha256	file
0	2026-05-06T02:10:11Z	67465c2d37b2e0441dd4f96752bba383d5690755393caf01631ad7407b5ccb2e	frame_0000_67465c2d37b2.txt
1	2026-05-06T02:10:11Z	6d897a6f8689af728c2b15b1726e0eb9df4332988743b4fe3442998fc1d23b05	frame_0001_6d897a6f8689.txt
2	2026-05-06T02:10:12Z	6e28e3bf9abd039246063193ee89074743e21f3547a9e9f25d997ab06902d492	frame_0002_6e28e3bf9abd.txt
3	2026-05-06T02:10:12Z	4c1af05e05c03a1d50a8877f03d7f530dc8a7ce0ccea270c41d84f686a036bcb	frame_0003_4c1af05e05c0.txt
4	2026-05-06T02:10:12Z	d9d8513e81a28932859e8c68b1a3981c6545234dee7448006006d900ef45fec4	frame_0004_d9d8513e81a2.txt
5	2026-05-06T02:10:13Z	1f98acec5eaffef1cd27d6da0664e5195230f847c8ab87f2fef3b3980375777a	frame_0005_1f98acec5eaf.txt
6	2026-05-06T02:10:13Z	669b860cd8197bd2cc1e361d1c1156fdbac01bd043b09c2a917a664bdf18dfae	frame_0006_669b860cd819.txt
7	2026-05-06T02:10:13Z	33acd91287020d0b243baa0392275e3d3b8bfd08a5799804a16ef33fe9f10cdd	frame_0007_33acd9128702.txt
8	2026-05-06T02:10:13Z	0c35c63cd183a3f7393bd37628ac300f5e02d898f0061b8a442b0f34338c73fd	frame_0008_0c35c63cd183.txt
9	2026-05-06T02:10:13Z	51fbb0fff679e1a68939256b9e8bf6c84bf60895df8184540f00f244cf0ea9db	frame_0009_51fbb0fff679.txt
10	2026-05-06T02:10:14Z	f885fbb18940e6188821ea306cceced661e6068c110408c05b2d3e1744455020	frame_0010_f885fbb18940.txt
11	2026-05-06T02:10:14Z	51fbb0fff679e1a68939256b9e8bf6c84bf60895df8184540f00f244cf0ea9db	frame_0011_51fbb0fff679.txt
12	2026-05-06T02:10:14Z	26d4f3df37fdc5a5e83a65c986bdef22d07a9c90f2335df08e009def300dc193	frame_0012_26d4f3df37fd.txt
13	2026-05-06T02:10:14Z	ddbf96af328a1eec84d7e5fa372451d84ae192ef91a6aed2b20aaba0e58a55ba	frame_0013_ddbf96af328a.txt
14	2026-05-06T02:10:15Z	e83713290aaf64ddd28ba0db5295b4daa2f14453647a328de2cfc4b53de09178	frame_0014_e83713290aaf.txt
15	2026-05-06T02:10:15Z	3feb086ed856fea51788050245c3b582bc6a0a60649d21224fd5211c736453cf	frame_0015_3feb086ed856.txt
16	2026-05-06T02:10:15Z	b1da1428085a157ecbba6a35f2ce8edf556c10cbdcf2e6c500a13d7c19ced963	frame_0016_b1da1428085a.txt
17	2026-05-06T02:10:15Z	38eaa021769752c273efdc933177cefc309841af610cd433d0cec17614646d37	frame_0017_38eaa0217697.txt
18	2026-05-06T02:10:16Z	bff557581b71a87c2038b32add0ab4a433581772bf5d0f25e1bb3c198f9f6d2e	frame_0018_bff557581b71.txt
19	2026-05-06T02:10:16Z	0c479f6633d4f24c728477de11a9f0f7613ef912a507798d0e1c3d3a02fb8b77	frame_0019_0c479f6633d4.txt
20	2026-05-06T02:10:16Z	ec8e649ce2faaece5c86b18a37d28b1380ca20e7112fe113719c4c1cb2df6a56	frame_0020_ec8e649ce2fa.txt
21	2026-05-06T02:10:16Z	6ea1e526efe54190a878b641e78e6b240872bf5ebdddad805481b3424a92b0c4	frame_0021_6ea1e526efe5.txt
22	2026-05-06T02:10:17Z	b1da1428085a157ecbba6a35f2ce8edf556c10cbdcf2e6c500a13d7c19ced963	frame_0022_b1da1428085a.txt
23	2026-05-06T02:10:17Z	38eaa021769752c273efdc933177cefc309841af610cd433d0cec17614646d37	frame_0023_38eaa0217697.txt
24	2026-05-06T02:10:17Z	bff557581b71a87c2038b32add0ab4a433581772bf5d0f25e1bb3c198f9f6d2e	frame_0024_bff557581b71.txt
25	2026-05-06T02:10:17Z	0c479f6633d4f24c728477de11a9f0f7613ef912a507798d0e1c3d3a02fb8b77	frame_0025_0c479f6633d4.txt
26	2026-05-06T02:10:18Z	ec8e649ce2faaece5c86b18a37d28b1380ca20e7112fe113719c4c1cb2df6a56	frame_0026_ec8e649ce2fa.txt
27	2026-05-06T02:10:18Z	6ea1e526efe54190a878b641e78e6b240872bf5ebdddad805481b3424a92b0c4	frame_0027_6ea1e526efe5.txt
28	2026-05-06T02:10:18Z	b1da1428085a157ecbba6a35f2ce8edf556c10cbdcf2e6c500a13d7c19ced963	frame_0028_b1da1428085a.txt
29	2026-05-06T02:10:18Z	6ea1e526efe54190a878b641e78e6b240872bf5ebdddad805481b3424a92b0c4	frame_0029_6ea1e526efe5.txt
30	2026-05-06T02:10:18Z	bff557581b71a87c2038b32add0ab4a433581772bf5d0f25e1bb3c198f9f6d2e	frame_0030_bff557581b71.txt
31	2026-05-06T02:10:19Z	0c479f6633d4f24c728477de11a9f0f7613ef912a507798d0e1c3d3a02fb8b77	frame_0031_0c479f6633d4.txt
32	2026-05-06T02:10:19Z	bff557581b71a87c2038b32add0ab4a433581772bf5d0f25e1bb3c198f9f6d2e	frame_0032_bff557581b71.txt
33	2026-05-06T02:10:19Z	6ea1e526efe54190a878b641e78e6b240872bf5ebdddad805481b3424a92b0c4	frame_0033_6ea1e526efe5.txt
34	2026-05-06T02:10:19Z	b1da1428085a157ecbba6a35f2ce8edf556c10cbdcf2e6c500a13d7c19ced963	frame_0034_b1da1428085a.txt
35	2026-05-06T02:10:20Z	38eaa021769752c273efdc933177cefc309841af610cd433d0cec17614646d37	frame_0035_38eaa0217697.txt
36	2026-05-06T02:10:20Z	bff557581b71a87c2038b32add0ab4a433581772bf5d0f25e1bb3c198f9f6d2e	frame_0036_bff557581b71.txt
37	2026-05-06T02:10:20Z	0c479f6633d4f24c728477de11a9f0f7613ef912a507798d0e1c3d3a02fb8b77	frame_0037_0c479f6633d4.txt
38	2026-05-06T02:10:20Z	ec8e649ce2faaece5c86b18a37d28b1380ca20e7112fe113719c4c1cb2df6a56	frame_0038_ec8e649ce2fa.txt
39	2026-05-06T02:10:21Z	6ea1e526efe54190a878b641e78e6b240872bf5ebdddad805481b3424a92b0c4	frame_0039_6ea1e526efe5.txt
40	2026-05-06T02:10:21Z	b1da1428085a157ecbba6a35f2ce8edf556c10cbdcf2e6c500a13d7c19ced963	frame_0040_b1da1428085a.txt
41	2026-05-06T02:10:21Z	38eaa021769752c273efdc933177cefc309841af610cd433d0cec17614646d37	frame_0041_38eaa0217697.txt
42	2026-05-06T02:10:21Z	bff557581b71a87c2038b32add0ab4a433581772bf5d0f25e1bb3c198f9f6d2e	frame_0042_bff557581b71.txt
43	2026-05-06T02:10:22Z	0c479f6633d4f24c728477de11a9f0f7613ef912a507798d0e1c3d3a02fb8b77	frame_0043_0c479f6633d4.txt
44	2026-05-06T02:10:22Z	ec8e649ce2faaece5c86b18a37d28b1380ca20e7112fe113719c4c1cb2df6a56	frame_0044_ec8e649ce2fa.txt
45	2026-05-06T02:10:22Z	bff557581b71a87c2038b32add0ab4a433581772bf5d0f25e1bb3c198f9f6d2e	frame_0045_bff557581b71.txt
46	2026-05-06T02:10:22Z	a4e6bcb8d3410e68e4fdb208cde6504244636e9439424b60869acdd470aa0709	frame_0046_a4e6bcb8d341.txt
47	2026-05-06T02:10:22Z	89c222fb7eb746d85e570d3e9020d8131fcc8f33883c481c53a2b27298968cb3	frame_0047_89c222fb7eb7.txt
48	2026-05-06T02:10:23Z	ff6805a59df55f05c8d0c96be1ecd67f702eba7c1c5e04dab3a13fbce85f929e	frame_0048_ff6805a59df5.txt
49	2026-05-06T02:10:23Z	0f02d9dde282f8f08569a9c516034767959389c9ea6642d20f75a4be22d2e57d	frame_0049_0f02d9dde282.txt
50	2026-05-06T02:10:23Z	78da675e689ef6070e07558bab71004c4a56371d8f8eee476473a68e47f64c6c	frame_0050_78da675e689e.txt
51	2026-05-06T02:10:24Z	967bfda4bac007f74f32c79c999f9040a662bbe921625f0d66ba7cac07a9ec23	frame_0051_967bfda4bac0.txt
52	2026-05-06T02:10:24Z	346ce3e2a65363cdd656174f0d98fcd69409943fc75bb5e410b89e45971035aa	frame_0052_346ce3e2a653.txt
53	2026-05-06T02:10:24Z	782c08ca90cfae05f4ff421ec3d276c5e5db65f51aa67af35b7e300ec23a70f6	frame_0053_782c08ca90cf.txt
54	2026-05-06T02:10:25Z	c1f5e5754729350b944718988c5ddd6a792e3824fd6bb5b310cc6635162938e7	frame_0054_c1f5e5754729.txt
55	2026-05-06T02:10:25Z	0bafdcba6e9538f2f07484abb7277dc03e2af581889e82f52c4c1de5ba1c9e9b	frame_0055_0bafdcba6e95.txt
56	2026-05-06T02:10:25Z	89c53be23db332df5488a1f1d4cd3f99b4d4c6d4675636fbbb3f0c266e9fd12e	frame_0056_89c53be23db3.txt
57	2026-05-06T02:10:25Z	24ce82ed2655286b6af212391ea1cad38a47a7cb2f28deb4717a1fc5d2277feb	frame_0057_24ce82ed2655.txt
58	2026-05-06T02:10:26Z	0bafdcba6e9538f2f07484abb7277dc03e2af581889e82f52c4c1de5ba1c9e9b	frame_0058_0bafdcba6e95.txt
59	2026-05-06T02:10:26Z	977745bfe0290d42357c9bd9c969a03ee880983d2603c3eb8f6e122e2115d41c	frame_0059_977745bfe029.txt
60	2026-05-06T02:10:26Z	c820fed787483333f29b89c7aa55a8c4f71f99d22d4ddef5f2eb0c62a426556f	frame_0060_c820fed78748.txt
61	2026-05-06T02:10:26Z	e720d522e90a82f81521eda1e1c14f2f6cfff95ce1515b517269983c9bddda63	frame_0061_e720d522e90a.txt
62	2026-05-06T02:10:26Z	89c53be23db332df5488a1f1d4cd3f99b4d4c6d4675636fbbb3f0c266e9fd12e	frame_0062_89c53be23db3.txt
63	2026-05-06T02:10:27Z	24ce82ed2655286b6af212391ea1cad38a47a7cb2f28deb4717a1fc5d2277feb	frame_0063_24ce82ed2655.txt
64	2026-05-06T02:10:27Z	0bafdcba6e9538f2f07484abb7277dc03e2af581889e82f52c4c1de5ba1c9e9b	frame_0064_0bafdcba6e95.txt
65	2026-05-06T02:10:27Z	e720d522e90a82f81521eda1e1c14f2f6cfff95ce1515b517269983c9bddda63	frame_0065_e720d522e90a.txt
66	2026-05-06T02:10:27Z	c820fed787483333f29b89c7aa55a8c4f71f99d22d4ddef5f2eb0c62a426556f	frame_0066_c820fed78748.txt
67	2026-05-06T02:10:28Z	977745bfe0290d42357c9bd9c969a03ee880983d2603c3eb8f6e122e2115d41c	frame_0067_977745bfe029.txt
68	2026-05-06T02:10:28Z	0bafdcba6e9538f2f07484abb7277dc03e2af581889e82f52c4c1de5ba1c9e9b	frame_0068_0bafdcba6e95.txt
69	2026-05-06T02:10:28Z	24ce82ed2655286b6af212391ea1cad38a47a7cb2f28deb4717a1fc5d2277feb	frame_0069_24ce82ed2655.txt
70	2026-05-06T02:10:28Z	89c53be23db332df5488a1f1d4cd3f99b4d4c6d4675636fbbb3f0c266e9fd12e	frame_0070_89c53be23db3.txt
71	2026-05-06T02:10:29Z	e720d522e90a82f81521eda1e1c14f2f6cfff95ce1515b517269983c9bddda63	frame_0071_e720d522e90a.txt
72	2026-05-06T02:10:29Z	c820fed787483333f29b89c7aa55a8c4f71f99d22d4ddef5f2eb0c62a426556f	frame_0072_c820fed78748.txt
73	2026-05-06T02:10:29Z	977745bfe0290d42357c9bd9c969a03ee880983d2603c3eb8f6e122e2115d41c	frame_0073_977745bfe029.txt
74	2026-05-06T02:10:29Z	0bafdcba6e9538f2f07484abb7277dc03e2af581889e82f52c4c1de5ba1c9e9b	frame_0074_0bafdcba6e95.txt
75	2026-05-06T02:10:29Z	24ce82ed2655286b6af212391ea1cad38a47a7cb2f28deb4717a1fc5d2277feb	frame_0075_24ce82ed2655.txt
76	2026-05-06T02:10:30Z	89c53be23db332df5488a1f1d4cd3f99b4d4c6d4675636fbbb3f0c266e9fd12e	frame_0076_89c53be23db3.txt
77	2026-05-06T02:10:30Z	e720d522e90a82f81521eda1e1c14f2f6cfff95ce1515b517269983c9bddda63	frame_0077_e720d522e90a.txt
78	2026-05-06T02:10:30Z	c820fed787483333f29b89c7aa55a8c4f71f99d22d4ddef5f2eb0c62a426556f	frame_0078_c820fed78748.txt
79	2026-05-06T02:10:30Z	977745bfe0290d42357c9bd9c969a03ee880983d2603c3eb8f6e122e2115d41c	frame_0079_977745bfe029.txt
80	2026-05-06T02:10:31Z	e720d522e90a82f81521eda1e1c14f2f6cfff95ce1515b517269983c9bddda63	frame_0080_e720d522e90a.txt
81	2026-05-06T02:10:31Z	24ce82ed2655286b6af212391ea1cad38a47a7cb2f28deb4717a1fc5d2277feb	frame_0081_24ce82ed2655.txt
82	2026-05-06T02:10:31Z	0bafdcba6e9538f2f07484abb7277dc03e2af581889e82f52c4c1de5ba1c9e9b	frame_0082_0bafdcba6e95.txt
83	2026-05-06T02:10:32Z	977745bfe0290d42357c9bd9c969a03ee880983d2603c3eb8f6e122e2115d41c	frame_0083_977745bfe029.txt
84	2026-05-06T02:10:32Z	c820fed787483333f29b89c7aa55a8c4f71f99d22d4ddef5f2eb0c62a426556f	frame_0084_c820fed78748.txt
85	2026-05-06T02:10:32Z	e720d522e90a82f81521eda1e1c14f2f6cfff95ce1515b517269983c9bddda63	frame_0085_e720d522e90a.txt
86	2026-05-06T02:10:32Z	89c53be23db332df5488a1f1d4cd3f99b4d4c6d4675636fbbb3f0c266e9fd12e	frame_0086_89c53be23db3.txt
87	2026-05-06T02:10:32Z	24ce82ed2655286b6af212391ea1cad38a47a7cb2f28deb4717a1fc5d2277feb	frame_0087_24ce82ed2655.txt
88	2026-05-06T02:10:33Z	0bafdcba6e9538f2f07484abb7277dc03e2af581889e82f52c4c1de5ba1c9e9b	frame_0088_0bafdcba6e95.txt
89	2026-05-06T02:10:33Z	977745bfe0290d42357c9bd9c969a03ee880983d2603c3eb8f6e122e2115d41c	frame_0089_977745bfe029.txt
90	2026-05-06T02:10:33Z	c820fed787483333f29b89c7aa55a8c4f71f99d22d4ddef5f2eb0c62a426556f	frame_0090_c820fed78748.txt
91	2026-05-06T02:10:33Z	e720d522e90a82f81521eda1e1c14f2f6cfff95ce1515b517269983c9bddda63	frame_0091_e720d522e90a.txt
92	2026-05-06T02:10:34Z	89c53be23db332df5488a1f1d4cd3f99b4d4c6d4675636fbbb3f0c266e9fd12e	frame_0092_89c53be23db3.txt
93	2026-05-06T02:10:34Z	24ce82ed2655286b6af212391ea1cad38a47a7cb2f28deb4717a1fc5d2277feb	frame_0093_24ce82ed2655.txt
94	2026-05-06T02:10:34Z	0bafdcba6e9538f2f07484abb7277dc03e2af581889e82f52c4c1de5ba1c9e9b	frame_0094_0bafdcba6e95.txt
95	2026-05-06T02:10:34Z	977745bfe0290d42357c9bd9c969a03ee880983d2603c3eb8f6e122e2115d41c	frame_0095_977745bfe029.txt
96	2026-05-06T02:10:35Z	c820fed787483333f29b89c7aa55a8c4f71f99d22d4ddef5f2eb0c62a426556f	frame_0096_c820fed78748.txt
97	2026-05-06T02:10:35Z	e720d522e90a82f81521eda1e1c14f2f6cfff95ce1515b517269983c9bddda63	frame_0097_e720d522e90a.txt
98	2026-05-06T02:10:35Z	89c53be23db332df5488a1f1d4cd3f99b4d4c6d4675636fbbb3f0c266e9fd12e	frame_0098_89c53be23db3.txt
99	2026-05-06T02:10:35Z	24ce82ed2655286b6af212391ea1cad38a47a7cb2f28deb4717a1fc5d2277feb	frame_0099_24ce82ed2655.txt
100	2026-05-06T02:10:36Z	0bafdcba6e9538f2f07484abb7277dc03e2af581889e82f52c4c1de5ba1c9e9b	frame_0100_0bafdcba6e95.txt
101	2026-05-06T02:10:36Z	977745bfe0290d42357c9bd9c969a03ee880983d2603c3eb8f6e122e2115d41c	frame_0101_977745bfe029.txt
102	2026-05-06T02:10:36Z	0bafdcba6e9538f2f07484abb7277dc03e2af581889e82f52c4c1de5ba1c9e9b	frame_0102_0bafdcba6e95.txt
103	2026-05-06T02:10:37Z	24ce82ed2655286b6af212391ea1cad38a47a7cb2f28deb4717a1fc5d2277feb	frame_0103_24ce82ed2655.txt
104	2026-05-06T02:10:37Z	89c53be23db332df5488a1f1d4cd3f99b4d4c6d4675636fbbb3f0c266e9fd12e	frame_0104_89c53be23db3.txt
105	2026-05-06T02:10:37Z	e720d522e90a82f81521eda1e1c14f2f6cfff95ce1515b517269983c9bddda63	frame_0105_e720d522e90a.txt
106	2026-05-06T02:10:37Z	c820fed787483333f29b89c7aa55a8c4f71f99d22d4ddef5f2eb0c62a426556f	frame_0106_c820fed78748.txt
107	2026-05-06T02:10:38Z	977745bfe0290d42357c9bd9c969a03ee880983d2603c3eb8f6e122e2115d41c	frame_0107_977745bfe029.txt
108	2026-05-06T02:10:38Z	0bafdcba6e9538f2f07484abb7277dc03e2af581889e82f52c4c1de5ba1c9e9b	frame_0108_0bafdcba6e95.txt
109	2026-05-06T02:10:38Z	24ce82ed2655286b6af212391ea1cad38a47a7cb2f28deb4717a1fc5d2277feb	frame_0109_24ce82ed2655.txt
110	2026-05-06T02:10:38Z	89c53be23db332df5488a1f1d4cd3f99b4d4c6d4675636fbbb3f0c266e9fd12e	frame_0110_89c53be23db3.txt
111	2026-05-06T02:10:39Z	e720d522e90a82f81521eda1e1c14f2f6cfff95ce1515b517269983c9bddda63	frame_0111_e720d522e90a.txt
112	2026-05-06T02:10:39Z	c820fed787483333f29b89c7aa55a8c4f71f99d22d4ddef5f2eb0c62a426556f	frame_0112_c820fed78748.txt
113	2026-05-06T02:10:39Z	977745bfe0290d42357c9bd9c969a03ee880983d2603c3eb8f6e122e2115d41c	frame_0113_977745bfe029.txt
114	2026-05-06T02:10:39Z	0bafdcba6e9538f2f07484abb7277dc03e2af581889e82f52c4c1de5ba1c9e9b	frame_0114_0bafdcba6e95.txt
115	2026-05-06T02:10:40Z	24ce82ed2655286b6af212391ea1cad38a47a7cb2f28deb4717a1fc5d2277feb	frame_0115_24ce82ed2655.txt
116	2026-05-06T02:10:40Z	89c53be23db332df5488a1f1d4cd3f99b4d4c6d4675636fbbb3f0c266e9fd12e	frame_0116_89c53be23db3.txt
117	2026-05-06T02:10:40Z	e720d522e90a82f81521eda1e1c14f2f6cfff95ce1515b517269983c9bddda63	frame_0117_e720d522e90a.txt
118	2026-05-06T02:10:40Z	a059b70ab7028eb7cb25292f6ef89b9e8b331239acf505669cd761511eeb3a50	frame_0118_a059b70ab702.txt
